8ed2dc,172.18.0.5,GET,https://drupalsite.ddev.site:8443/,1718253624,8ed2dc,200,request
2d3a10,172.18.0.5,GET,https://drupalsite.ddev.site:8443/,1718253624,2d3a10,405,request
f7317c,172.18.0.5,GET,https://drupalsite.ddev.site:8443/,1718253624,2d3a10,200,request
e8fce1,172.18.0.5,GET,https://drupalsite.ddev.site:8443/,1718253624,2d3a10,200,request
44963d,172.18.0.5,GET,https://drupalsite.ddev.site:8443/,1718253624,2d3a10,200,request
7fbc27,172.18.0.5,GET,https://drupalsite.ddev.site:8443/,1718253624,2d3a10,200,request
403c6b,172.18.0.5,GET,https://drupalsite.ddev.site:8443/,1718253624,2d3a10,200,request
6e4128,172.18.0.5,GET,https://drupalsite.ddev.site:8443/,1718253624,2d3a10,200,request
c3af54,172.18.0.5,GET,https://drupalsite.ddev.site:8443/,1718253627,c3af54,200,request
b036cd,172.18.0.5,GET,https://drupalsite.ddev.site:8443/,1718253627,b036cd,405,request
e3ab18,172.18.0.5,GET,https://drupalsite.ddev.site:8443/,1718253627,b036cd,200,request
daab8d,172.18.0.5,GET,https://drupalsite.ddev.site:8443/,1718253627,b036cd,200,request
63c84d,172.18.0.5,GET,https://drupalsite.ddev.site:8443/,1718253627,b036cd,200,request
11632d,172.18.0.5,GET,https://drupalsite.ddev.site:8443/,1718253627,b036cd,200,request
3d2c21,172.18.0.5,GET,https://drupalsite.ddev.site:8443/,1718253627,b036cd,200,request
33d616,172.18.0.5,GET,https://drupalsite.ddev.site:8443/,1718253627,b036cd,200,request
3234ac,172.18.0.5,GET,https://drupalsite.ddev.site:8443/,1718253628,3234ac,200,request
799c78,172.18.0.5,GET,https://drupalsite.ddev.site:8443/,1718253628,799c78,405,request
1b9f88,172.18.0.5,GET,https://drupalsite.ddev.site:8443/,1718253628,799c78,200,request
df11d0,172.18.0.5,GET,https://drupalsite.ddev.site:8443/,1718253628,799c78,200,request
76b08d,172.18.0.5,GET,https://drupalsite.ddev.site:8443/,1718253628,799c78,200,request
19f9bc,172.18.0.5,GET,https://drupalsite.ddev.site:8443/,1718253628,799c78,200,request
064ad4,172.18.0.5,GET,https://drupalsite.ddev.site:8443/,1718253628,799c78,200,request
7905ba,172.18.0.5,GET,https://drupalsite.ddev.site:8443/,1718253628,799c78,200,request
f91bfd,172.18.0.5,GET,https://drupalsite.ddev.site:8443/,1718253905,f91bfd,200,request
b12e4e,172.18.0.5,GET,https://drupalsite.ddev.site:8443/,1718253905,b12e4e,405,request
4a62c3,172.18.0.5,GET,https://drupalsite.ddev.site:8443/,1718253905,b12e4e,200,request
a56fee,172.18.0.5,GET,https://drupalsite.ddev.site:8443/,1718253905,b12e4e,200,request
842e67,172.18.0.5,GET,https://drupalsite.ddev.site:8443/,1718253905,b12e4e,200,request
01e2c0,172.18.0.5,GET,https://drupalsite.ddev.site:8443/,1718253905,b12e4e,200,request
d6ba21,172.18.0.5,GET,https://drupalsite.ddev.site:8443/,1718253905,b12e4e,200,request
eadde5,172.18.0.5,GET,https://drupalsite.ddev.site:8443/,1718253905,b12e4e,200,request
69451e,172.18.0.5,GET,https://drupalsite.ddev.site:8443/,1718253906,69451e,200,request
e2f636,172.18.0.5,GET,https://drupalsite.ddev.site:8443/,1718253906,e2f636,405,request
447eab,172.18.0.5,GET,https://drupalsite.ddev.site:8443/,1718253906,e2f636,200,request
3a5d3f,172.18.0.5,GET,https://drupalsite.ddev.site:8443/,1718253906,e2f636,200,request
80d7e0,172.18.0.5,GET,https://drupalsite.ddev.site:8443/,1718253906,e2f636,200,request
97f84d,172.18.0.5,GET,https://drupalsite.ddev.site:8443/,1718253906,e2f636,200,request
7791e5,172.18.0.5,GET,https://drupalsite.ddev.site:8443/,1718253906,e2f636,200,request
93419c,172.18.0.5,GET,https://drupalsite.ddev.site:8443/,1718253906,e2f636,200,request
68f8ca,172.18.0.5,GET,https://drupalsite.ddev.site:8443/hotstocks/customerform,1718269053,68f8ca,200,request
7d7933,172.18.0.5,GET,https://drupalsite.ddev.site:8443/hotstocks/customerform,1718269053,7d7933,404,request
3c48a0,172.18.0.5,GET,https://drupalsite.ddev.site:8443/hotstocks/customerform,1718269053,7d7933,200,request
dc2754,172.18.0.5,GET,https://drupalsite.ddev.site:8443/hotstocks/customerform,1718269053,7d7933,200,request
de8009,172.18.0.5,GET,https://drupalsite.ddev.site:8443/hotstocks/customerform,1718269053,7d7933,200,request
b621db,172.18.0.5,GET,https://drupalsite.ddev.site:8443/hotstocks/customerform,1718269053,7d7933,200,request
907899,172.18.0.5,GET,https://drupalsite.ddev.site:8443/hotstocks/customerform,1718269053,7d7933,200,request
b146fc,172.18.0.5,GET,https://drupalsite.ddev.site:8443/hotstocks/customerform,1718269053,7d7933,200,request
